{
  "job_title": "Senior Full Stack Software Engineer",
  "company": "TechCorp Inc.",
  "location": "San Francisco, CA",
  "employment_type": "Full-time",
  "salary_range": "$120,000 - $180,000",
  "technical_skills": [
    {
      "category": "technical_skills",
      "requirement": "JavaScript",
      "importance": "required",
      "years_experience": null
    },
    {
      "category": "technical_skills",
      "requirement": "TypeScript",
      "importance": "required",
      "years_experience": null
    },
    {
      "category": "technical_skills",
      "requirement": "Python",
      "importance": "required",
      "years_experience": null
    },
    {
      "category": "technical_skills",
      "requirement": "React.js",
      "importance": "required",
      "years_experience": null
    },
    {
      "category": "technical_skills",
      "requirement": "Node.js",
      "importance": "required",
      "years_experience": null
    },
    {
      "category": "technical_skills",
      "requirement": "SQL databases (PostgreSQL, MySQL)",
      "importance": "required",
      "years_experience": null
    },
    {
      "category": "technical_skills",
      "requirement": "NoSQL databases (MongoDB)",
      "importance": "required",
      "years_experience": null
    },
    {
      "category": "technical_skills",
      "requirement": "RESTful API design and development",
      "importance": "required",
      "years_experience": null
    },
    {
      "category": "technical_skills",
      "requirement": "Git version control",
      "importance": "required",
      "years_experience": null
    },
    {
      "category": "technical_skills",
      "requirement": "Agile/Scrum methodologies",
      "importance": "required",
      "years_experience": null
    },
    {
      "category": "technical_skills",
      "requirement": "Cloud platforms (AWS, Azure, or GCP)",
      "importance": "preferred",
      "years_experience": null
    },
    {
      "category": "technical_skills",
      "requirement": "Containerization technologies (Docker, Kubernetes)",
      "importance": "preferred",
      "years_experience": null
    },
    {
      "category": "technical_skills",
      "requirement": "CI/CD pipelines",
      "importance": "preferred",
      "years_experience": null
    },
    {
      "category": "technical_skills",
      "requirement": "Microservices architecture",
      "importance": "preferred",
      "years_experience": null
    },
    {
      "category": "technical_skills",
      "requirement": "Testing frameworks (Jest, Pytest, Selenium)",
      "importance": "preferred",
      "years_experience": null
    }
  ],
  "soft_skills": [
    {
      "category": "soft_skills",
      "requirement": "Strong problem-solving and analytical thinking abilities",
      "importance": "required",
      "years_experience": null
    },
    {
      "category": "soft_skills",
      "requirement": "Excellent communication skills",
      "importance": "required",
      "years_experience": null
    },
    {
      "category": "soft_skills",
      "requirement": "Teamwork skills",
      "importance": "required",
      "years_experience": null
    },
    {
      "category": "soft_skills",
      "requirement": "Attention to detail and commitment to quality",
      "importance": "required",
      "years_experience": null
    },
    {
      "category": "soft_skills",
      "requirement": "Ability to work in a fast-paced, dynamic environment",
      "importance": "required",
      "years_experience": null
    },
    {
      "category": "soft_skills",
      "requirement": "Self-motivated",
      "importance": "required",
      "years_experience": null
    },
    {
      "category": "soft_skills",
      "requirement": "Strong time management skills",
      "importance": "required",
      "years_experience": null
    },
    {
      "category": "soft_skills",
      "requirement": "Mentoring capabilities",
      "importance": "required",
      "years_experience": null
    }
  ],
  "education": [
    {
      "category": "education",
      "requirement": "Bachelor's degree in Computer Science, Software Engineering, or related field",
      "importance": "required",
      "years_experience": null
    },
    {
      "category": "education",
      "requirement": "Master's degree in Computer Science or related field",
      "importance": "preferred",
      "years_experience": null
    }
  ],
  "experience": [
    {
      "category": "experience",
      "requirement": "Full-stack web development",
      "importance": "required",
      "years_experience": 5
    },
    {
      "category": "experience",
      "requirement": "Extensive frontend and backend development",
      "importance": "required",
      "years_experience": null
    },
    {
      "category": "experience",
      "requirement": "Leadership experience",
      "importance": "preferred",
      "years_experience": null
    }
  ],
  "certifications": [
    {
      "category": "certifications",
      "requirement": "AWS or Azure certifications",
      "importance": "preferred",
      "years_experience": null
    }
  ],
  "responsibilities": [
    "Design, develop, and maintain full-stack web applications",
    "Collaborate with cross-functional teams including designers, product managers, and other engineers",
    "Write clean, maintainable, and efficient code",
    "Participate in code reviews and provide constructive feedback",
    "Troubleshoot and debug applications",
    "Stay up-to-date with emerging technologies and industry trends",
    "Mentor junior developers and contribute to team knowledge sharing"
  ],
  "remote_work_option": true,
  "benefits": [
    "Competitive salary and equity package",
    "Comprehensive health, dental, and vision insurance",
    "401(k) with company matching",
    "Flexible work arrangements including remote work options",
    "Professional development budget for conferences and training",
    "Unlimited PTO policy",
    "Modern office space with free meals and snacks"
  ],
  "company_culture": [
    "Fosters an inclusive, collaborative environment where innovation thrives",
    "Values continuous learning",
    "Values open communication",
    "Values work-life balance",
    "Believes in empowering employees to take ownership of their projects and make meaningful contributions"
  ],
  "analysis_timestamp": "2025-10-25T15:01:32.780935",
  "confidence_score": 0.95
}